1010P,Lit &Writing
1013P,Lit & Writing (EL.)
1020P,World Lit
1023P,World Lit (EL)
1130P,American Lit
1133P,American Lit (EL)
1190AP,AP Eng Lang & Comp
1250P,European Lit
1410AP,AP Eng Lit & Comp
1450,Eng. Lang Dev2
1460P,Eng. Lang Dev 3
1620P,World History
1730P,U.S.History
1733P,U.S. History (EL)
1750AP,AP U.S. History
1835P,Economics
1845P,U.S. Government
1855AP,AP U.S. Gov/Politics
4580P,Principle of Business
4710P,Accounting 1
4720P,Accounting 2
4880P,Econ & Virtual Bus
3110P,Biology
3120AP,AP Biology
3130P,Physiology
3610P,Chemistry
3613P,Chemistry (EL)
3620H,Chemistry - Honors
3630AP,AP Chemistry
3710P,Physics
3720H,Physics - Honors
3730AP,AP Physics C: Mech
2210P,Algebra 1
2230P,Geometry
2310P,Algebra 2
2320P,Alg 2/Trigonometry
2390P,Pre-Calculus
2420H,Pre Calculus Honors
2430AP,AP Calculus AB
2440AP,AP Calculus BC
2350AP,AP Comp. Sci. A
2370P,Comp. Prog. Java
2460AP,AP Statistics
7820AP,AP Comp. Sci. Prin.
5710,Intro to Culinary Careers
5730P,Culinary Food Science
4110P,French 1
4120P,French 2
4130P,French 3
4140H,French 4 - Honors
4150AP,AP French Lang/Culture
4310P,Spanish 1
4320P,Spanish 2
4330P,Spanish 3
4340H,Spanish 4 -Honors
4350AP,AP Spanish Lang/Culture
4010P,Japanese 1
4020P,Japanese 2
4030P,Japanese 3
4040H,Japanese 4 -Honors
4050AP,AP Japanese Lang/Culture
4410P,Chinese 1
4420P,Chinese 2
4430P,Chinese 3
4440H,Chinese 4 - Honors
4450AP,AP Chinese Lang/Culture
2510,P.E. 9
2530,P.E. 10-12
2720,P.E. Racquet Sports
2740,P.E. Weight Train
2780,P.E. Total Fitness
2590,P.E. Athletics